Collection,Slug,Plan name,Width (ft),Depth (ft),Livable sq ft,Filename to use,Status,Note
affordable-homes-adus,absolute,Absolute,43,18,774,absolute_43x18.png,MISSING WIDTH on site — please confirm,width derived from sq ft
affordable-homes-adus,barton,Barton,34,20,680,barton_34x20.png,OK,
affordable-homes-adus,birchwood,Birchwood,30,22,660,birchwood_30x22.png,MISSING WIDTH on site — please confirm,width derived from sq ft
affordable-homes-adus,bungalo,Bungalo,20.01,80,1601,bungalo_20.01x80.png,MISSING WIDTH on site — please confirm,width derived from sq ft
affordable-homes-adus,cabin-10-12,Cabin,,,384,cabin-10-12_<W>x<D>.png,MISSING BOTH — please supply,
affordable-homes-adus,cabin-4-12,Cabin,,,384,cabin-4-12_<W>x<D>.png,MISSING BOTH — please supply,
affordable-homes-adus,cabin-parapet,Cabin,,,384,cabin-parapet_<W>x<D>.png,MISSING BOTH — please supply,
affordable-homes-adus,callahan,Callahan,27.78,36,1000,callahan_27.78x36.png,MISSING WIDTH on site — please confirm,width derived from sq ft
affordable-homes-adus,carlsbad-contemporary-1bed1bath,Yoke Contemporary 1-Bed/1-Bath,22.83,43.33,671,carlsbad-contemporary-1bed1bath_22.83x43.33.png,OK,
affordable-homes-adus,carlsbad-contemporary-2bed2bath,Yoke Contemporary 2-Bed/2-Bath,24.08,43.83,790,carlsbad-contemporary-2bed2bath_24.08x43.83.png,OK,
affordable-homes-adus,carlsbad-contemporary-3bed2bath,Yoke Contemporary 3-Bed/2-Bath,29.58,47.67,985,carlsbad-contemporary-3bed2bath_29.58x47.67.png,OK,
affordable-homes-adus,carlsbad-contemporary-studio,Yoke Contemporary Studio,22.92,23.92,400,carlsbad-contemporary-studio_22.92x23.92.png,OK,
affordable-homes-adus,carlsbad-farmhouse-1bed1bath,Yoke Farmhouse 1-Bed/1-Bath,23.58,45.5,671,carlsbad-farmhouse-1bed1bath_23.58x45.5.png,OK,
affordable-homes-adus,carlsbad-farmhouse-2bed2bath,Yoke Farmhouse 2-Bed/2-Bath,23.83,49.67,790,carlsbad-farmhouse-2bed2bath_23.83x49.67.png,OK,
affordable-homes-adus,carlsbad-farmhouse-3bed2bath,Yoke Farmhouse 3-Bed/2-Bath,29.58,53.33,985,carlsbad-farmhouse-3bed2bath_29.58x53.33.png,OK,
affordable-homes-adus,carlsbad-farmhouse-studio,Yoke Farmhouse Studio,17.08,29.92,400,carlsbad-farmhouse-studio_17.08x29.92.png,OK,
affordable-homes-adus,carlsbad-spanish-1bed1bath,Yoke Spanish 1-Bed/1-Bath,22.33,45.42,670,carlsbad-spanish-1bed1bath_22.33x45.42.png,OK,
affordable-homes-adus,carlsbad-spanish-2bed2bath,Yoke Spanish 2-Bed/2-Bath,23.58,34.83,788,carlsbad-spanish-2bed2bath_23.58x34.83.png,OK,
affordable-homes-adus,carlsbad-spanish-3bed2bath,Yoke Spanish 3-Bed/2-Bath,29.58,47.67,985,carlsbad-spanish-3bed2bath_29.58x47.67.png,OK,
affordable-homes-adus,carlsbad-spanish-studio,Yoke Spanish Studio,22.75,29.83,400,carlsbad-spanish-studio_22.75x29.83.png,OK,
affordable-homes-adus,chino-craftsman-1bed1bath,Hamilton Craftsman 1-Bed/1-Bath,26.5,46.08,746,chino-craftsman-1bed1bath_26.5x46.08.png,OK,
affordable-homes-adus,chino-craftsman-2bed2bath,Hamilton Craftsman 2-Bed/2-Bath,37.08,43.75,998,chino-craftsman-2bed2bath_37.08x43.75.png,OK,
affordable-homes-adus,chino-craftsman-studio,Hamilton Craftsman Studio,19.5,32.5,497,chino-craftsman-studio_19.5x32.5.png,OK,
affordable-homes-adus,chino-ranch-1bed1bath,Hamilton Ranch 1-Bed/1-Bath,25.83,45.08,746,chino-ranch-1bed1bath_25.83x45.08.png,OK,
affordable-homes-adus,chino-ranch-2bed2bath,Hamilton Ranch 2-Bed/2-Bath,37.08,44,998,chino-ranch-2bed2bath_37.08x44.png,OK,
affordable-homes-adus,chino-ranch-studio,Hamilton Ranch Studio,19.5,32.5,497,chino-ranch-studio_19.5x32.5.png,OK,
affordable-homes-adus,chino-spanish-1bed1bath,Hamilton Spanish 1-Bed/1-Bath,19.5,38.25,746,chino-spanish-1bed1bath_19.5x38.25.png,OK,
affordable-homes-adus,chino-spanish-2bed2bath,Hamilton Spanish 2-Bed/2-Bath,37.08,37.33,998,chino-spanish-2bed2bath_37.08x37.33.png,OK,
affordable-homes-adus,chino-spanish-studio,Hamilton Spanish Studio,19.5,25.5,497,chino-spanish-studio_19.5x25.5.png,OK,
affordable-homes-adus,contempo,Contempo,31,27.67,1417,contempo_31x27.67.png,OK,
affordable-homes-adus,encinitas-1bed1bath-a,Hunter 1-Bed/1-Bath A,27.58,31.92,555,encinitas-1bed1bath-a_27.58x31.92.png,OK,
affordable-homes-adus,encinitas-1bed1bath-b,Hunter 1-Bed/1-Bath B,27.58,31.92,555,encinitas-1bed1bath-b_27.58x31.92.png,OK,
affordable-homes-adus,encinitas-1bed1bath-c,Hunter 1-Bed/1-Bath C,27.58,31.92,555,encinitas-1bed1bath-c_27.58x31.92.png,OK,
affordable-homes-adus,encinitas-2bed2bath-a,Hunter 2-Bed/2-Bath A,27.58,32,745,encinitas-2bed2bath-a_27.58x32.png,OK,
affordable-homes-adus,encinitas-2bed2bath-b,Hunter 2-Bed/2-Bath B,27.58,32,745,encinitas-2bed2bath-b_27.58x32.png,OK,
affordable-homes-adus,encinitas-2bed2bath-c,Hunter 2-Bed/2-Bath C,27.58,32,745,encinitas-2bed2bath-c_27.58x32.png,OK,
affordable-homes-adus,encinitas-3bed2bath-a,Hunter 3-Bed/2-Bath A,27.58,34.05,939,encinitas-3bed2bath-a_27.58x34.05.png,MISSING DEPTH on site — please confirm,depth derived from sq ft
affordable-homes-adus,encinitas-3bed2bath-b,Hunter 3-Bed/2-Bath B,27.58,34.05,939,encinitas-3bed2bath-b_27.58x34.05.png,MISSING DEPTH on site — please confirm,depth derived from sq ft
affordable-homes-adus,encinitas-3bed2bath-c,Hunter 3-Bed/2-Bath C,27.58,34.05,939,encinitas-3bed2bath-c_27.58x34.05.png,MISSING DEPTH on site — please confirm,depth derived from sq ft
affordable-homes-adus,encinitas-studio-a,Hunter Studio A,13,31.83,351,encinitas-studio-a_13x31.83.png,OK,
affordable-homes-adus,encinitas-studio-b,Hunter Studio B,13,31.83,351,encinitas-studio-b_13x31.83.png,OK,
affordable-homes-adus,encinitas-studio-c,Hunter Studio C,13,31.83,351,encinitas-studio-c_13x31.83.png,OK,
affordable-homes-adus,foxmore,Foxmore,38,24,912,foxmore_38x24.png,OK,
affordable-homes-adus,immense,Immense,36,32.86,1183,immense_36x32.86.png,MISSING DEPTH on site — please confirm,depth derived from sq ft
affordable-homes-adus,la-1bed1bath,LA 1-Bed/1-Bath,42.33,25.17,800,la-1bed1bath_42.33x25.17.png,OK,
affordable-homes-adus,la-2bed1bath,LA 2-Bed/1-Bath,54,32,1200,la-2bed1bath_54x32.png,OK,
affordable-homes-adus,la-3bed1bath,LA 3-Bed/1-Bath,40,30,1200,la-3bed1bath_40x30.png,OK,
affordable-homes-adus,lilac-modern,Lilac,36,14.64,527,lilac-modern_36x14.64.png,MISSING DEPTH on site — please confirm,depth derived from sq ft
affordable-homes-adus,lilac-parapet,Lilac,36,14.64,527,lilac-parapet_36x14.64.png,MISSING DEPTH on site — please confirm,depth derived from sq ft
affordable-homes-adus,lookout-no-garage,Lookout,36,18,889,lookout-no-garage_36x18.png,OK,
affordable-homes-adus,lookout-with-garage,Lookout,36,18,889,lookout-with-garage_36x18.png,OK,
affordable-homes-adus,marina-modern-1bed1bath,Bennett Modern 1-Bed/1-Bath,16.42,34.5,499,marina-modern-1bed1bath_16.42x34.5.png,OK,
affordable-homes-adus,marina-modern-2bed2bath,Bennett Modern 2-Bed/2-Bath,18,48,789,marina-modern-2bed2bath_18x48.png,OK,
affordable-homes-adus,marina-modern-studio,Bennett Modern Studio,17.83,25.83,389,marina-modern-studio_17.83x25.83.png,OK,
affordable-homes-adus,marina-ranch-1bed1bath,Bennett Ranch 1-Bed/1-Bath,16.42,34.5,499,marina-ranch-1bed1bath_16.42x34.5.png,OK,
affordable-homes-adus,marina-ranch-2bed2bath,Bennett Ranch 2-Bed/2-Bath,18,47.92,789,marina-ranch-2bed2bath_18x47.92.png,OK,
affordable-homes-adus,marina-ranch-studio,Bennett Ranch Studio,17.83,25.83,389,marina-ranch-studio_17.83x25.83.png,OK,
affordable-homes-adus,marina-spanish-1bed1bath,Bennett Spanish 1-Bed/1-Bath,16.42,34.5,499,marina-spanish-1bed1bath_16.42x34.5.png,OK,
affordable-homes-adus,marina-spanish-2bed2bath,Bennett Spanish 2-Bed/2-Bath,18,47.92,786,marina-spanish-2bed2bath_18x47.92.png,OK,
affordable-homes-adus,marina-spanish-studio,Bennett Spanish Studio,17.83,25.83,389,marina-spanish-studio_17.83x25.83.png,OK,
affordable-homes-adus,menifee-craftsman-1bed1bath-base,Orion Craftsman 1-Bed/1-Bath,18,40.56,730,menifee-craftsman-1bed1bath-base_18x40.56.png,MISSING DEPTH on site — please confirm,depth derived from sq ft
affordable-homes-adus,menifee-craftsman-1bed1bath-porch,Orion Craftsman 1-Bed/1-Bath,24.58,46.17,730,menifee-craftsman-1bed1bath-porch_24.58x46.17.png,OK,
affordable-homes-adus,menifee-craftsman-2bed2bath-base,Orion Craftsman 2-Bed/2-Bath,31,29.32,909,menifee-craftsman-2bed2bath-base_31x29.32.png,MISSING DEPTH on site — please confirm,depth derived from sq ft
affordable-homes-adus,menifee-craftsman-2bed2bath-porch,Orion Craftsman 2-Bed/2-Bath,31,46.75,909,menifee-craftsman-2bed2bath-porch_31x46.75.png,OK,
affordable-homes-adus,menifee-craftsman-3bed2bath-base,Orion Craftsman 3-Bed/2-Bath,43.67,45.83,1200,menifee-craftsman-3bed2bath-base_43.67x45.83.png,OK,
affordable-homes-adus,menifee-craftsman-3bed2bath-porch,Orion Craftsman 3-Bed/2-Bath,43.67,52,1200,menifee-craftsman-3bed2bath-porch_43.67x52.png,OK,
affordable-homes-adus,menifee-craftsman-studio-base,Orion Craftsman Studio,18,23,414,menifee-craftsman-studio-base_18x23.png,OK,
affordable-homes-adus,menifee-craftsman-studio-porch,Orion Craftsman Studio,24.17,29.17,414,menifee-craftsman-studio-porch_24.17x29.17.png,OK,
affordable-homes-adus,menifee-ranch-1bed1bath-base,Orion Ranch 1-Bed/1-Bath,17,34.5,587,menifee-ranch-1bed1bath-base_17x34.5.png,OK,
affordable-homes-adus,menifee-ranch-1bed1bath-porch,Orion Ranch 1-Bed/1-Bath,23.17,40.67,587,menifee-ranch-1bed1bath-porch_23.17x40.67.png,OK,
affordable-homes-adus,menifee-ranch-2bed1bath-base,Orion Ranch 2-Bed/1-Bath,45.83,17,779,menifee-ranch-2bed1bath-base_45.83x17.png,OK,
affordable-homes-adus,menifee-ranch-2bed1bath-porch,Orion Ranch 2-Bed/1-Bath,45.83,22,779,menifee-ranch-2bed1bath-porch_45.83x22.png,OK,
affordable-homes-adus,menifee-ranch-3bed1bath-base,Orion Ranch 3-Bed/1-Bath,45.83,30.5,988,menifee-ranch-3bed1bath-base_45.83x30.5.png,OK,
affordable-homes-adus,menifee-ranch-3bed1bath-porch,Orion Ranch 3-Bed/1-Bath,45.83,30.5,988,menifee-ranch-3bed1bath-porch_45.83x30.5.png,OK,
affordable-homes-adus,menifee-ranch-studio-base,Orion Ranch Studio,17,18,306,menifee-ranch-studio-base_17x18.png,OK,
affordable-homes-adus,menifee-ranch-studio-porch,Orion Ranch Studio,17,24.33,306,menifee-ranch-studio-porch_17x24.33.png,OK,
affordable-homes-adus,menifee-spanish-1bed1bath-base,Orion Spanish 1-Bed/1-Bath,24.58,29.7,730,menifee-spanish-1bed1bath-base_24.58x29.7.png,MISSING DEPTH on site — please confirm,depth derived from sq ft
affordable-homes-adus,menifee-spanish-1bed1bath-porch,Orion Spanish 1-Bed/1-Bath,24.58,46.17,730,menifee-spanish-1bed1bath-porch_24.58x46.17.png,OK,
affordable-homes-adus,menifee-spanish-2bed2bath-base,Orion Spanish 2-Bed/2-Bath,31,29.32,909,menifee-spanish-2bed2bath-base_31x29.32.png,MISSING DEPTH on site — please confirm,depth derived from sq ft
affordable-homes-adus,menifee-spanish-2bed2bath-porch,Orion Spanish 2-Bed/2-Bath,31,46.83,909,menifee-spanish-2bed2bath-porch_31x46.83.png,OK,
affordable-homes-adus,menifee-spanish-2bed2bath-tower,Orion Spanish 2-Bed/2-Bath,31,46.75,909,menifee-spanish-2bed2bath-tower_31x46.75.png,OK,
affordable-homes-adus,menifee-spanish-3bed2bath-base,Orion Spanish 3-Bed/2-Bath,43.67,45.83,1200,menifee-spanish-3bed2bath-base_43.67x45.83.png,OK,
affordable-homes-adus,menifee-spanish-3bed2bath-porch,Orion Spanish 3-Bed/2-Bath,43.67,52.58,1200,menifee-spanish-3bed2bath-porch_43.67x52.58.png,OK,
affordable-homes-adus,menifee-spanish-3bed2bath-tower,Orion Spanish 3-Bed/2-Bath,43.67,52.58,1200,menifee-spanish-3bed2bath-tower_43.67x52.58.png,OK,
affordable-homes-adus,menifee-spanish-studio-base,Orion Spanish Studio,24.42,23,414,menifee-spanish-studio-base_24.42x23.png,OK,
affordable-homes-adus,menifee-spanish-studio-porch,Orion Spanish Studio,24.42,29.75,414,menifee-spanish-studio-porch_24.42x29.75.png,OK,
affordable-homes-adus,menifee-tuscan-1bed1bath-base,Orion Tuscan 1-Bed/1-Bath,17,34.5,587,menifee-tuscan-1bed1bath-base_17x34.5.png,OK,
affordable-homes-adus,menifee-tuscan-1bed1bath-porch,Orion Tuscan 1-Bed/1-bath,23.25,40.75,587,menifee-tuscan-1bed1bath-porch_23.25x40.75.png,OK,
affordable-homes-adus,menifee-tuscan-2bed1bath-base,Orion Tuscan 2-Bed/1-Bath,45.83,17,779,menifee-tuscan-2bed1bath-base_45.83x17.png,OK,
affordable-homes-adus,menifee-tuscan-2bed1bath-porch,Orion Tuscan 2-Bed/1-Bath,45.83,22.08,779,menifee-tuscan-2bed1bath-porch_45.83x22.08.png,OK,
affordable-homes-adus,menifee-tuscan-3bed1bath-base,Orion Tuscan 3-Bed/1-Bath,45.83,30.5,988,menifee-tuscan-3bed1bath-base_45.83x30.5.png,OK,
affordable-homes-adus,menifee-tuscan-3bed1bath-porch,Orion Tuscan 3-Bed/1-Bath,45.83,30.5,988,menifee-tuscan-3bed1bath-porch_45.83x30.5.png,OK,
affordable-homes-adus,menifee-tuscan-studio-base,Orion Tuscan Studio,17,18,306,menifee-tuscan-studio-base_17x18.png,OK,
affordable-homes-adus,menifee-tuscan-studio-porch,Orion Tuscan Studio,17,24.33,306,menifee-tuscan-studio-porch_17x24.33.png,OK,
affordable-homes-adus,mohave,Mohave,52,40,1768,mohave_52x40.png,OK,
affordable-homes-adus,monroe,Monroe,22,45,873,monroe_22x45.png,OK,
affordable-homes-adus,mulberry,Mulberry,25.75,32,824,mulberry_25.75x32.png,MISSING WIDTH on site — please confirm,width derived from sq ft
affordable-homes-adus,pacifica,Pacifica,31,31,1000,pacifica_31x31.png,OK,
affordable-homes-adus,paradise-alpine-1bed1bath,Haven Alpine 1-Bed/1-Bath,23.92,26.75,491,paradise-alpine-1bed1bath_23.92x26.75.png,OK,
affordable-homes-adus,paradise-alpine-2bed1bath,Haven Alpine 2-Bed/1-Bath,29.58,29.83,656,paradise-alpine-2bed1bath_29.58x29.83.png,OK,
affordable-homes-adus,paradise-contemporarybarn-2bed1bath,Haven Contemporary Barn 2-Bed/1-Bath,55.17,16.83,733,paradise-contemporarybarn-2bed1bath_55.17x16.83.png,OK,
affordable-homes-adus,paradise-contemporarybarn-studio,Haven Contemporary Barn Studio,19.42,31.25,485,paradise-contemporarybarn-studio_19.42x31.25.png,OK,
affordable-homes-adus,paradise-craftsman-2bed1bath,Haven Craftsman 2-Bed/1-Bath,55.17,16.83,733,paradise-craftsman-2bed1bath_55.17x16.83.png,OK,
affordable-homes-adus,paradise-craftsman-studio,Haven Craftsman Studio,19.42,31.25,485,paradise-craftsman-studio_19.42x31.25.png,OK,
affordable-homes-adus,paradise-farmhouse-1bed1bath,Haven Farmhouse 1-Bed/1-Bath,23.92,26.75,491,paradise-farmhouse-1bed1bath_23.92x26.75.png,OK,
affordable-homes-adus,paradise-ranch-2bed1bath,Haven Ranch 2-Bed/1-Bath,55.17,16.83,733,paradise-ranch-2bed1bath_55.17x16.83.png,OK,
affordable-homes-adus,paradise-ranch-studio,Haven Ranch Studio,19.42,31.25,485,paradise-ranch-studio_19.42x31.25.png,OK,
affordable-homes-adus,paradise-traditional-1bed1bath,Haven Traditional 1-Bed/1-Bath,23.92,26.75,491,paradise-traditional-1bed1bath_23.92x26.75.png,OK,
affordable-homes-adus,paradise-traditional-2bed1bath,Haven Traditional 2-Bed/1-Bath,29.58,29.83,656,paradise-traditional-2bed1bath_29.58x29.83.png,OK,
affordable-homes-adus,rucker-no-garage,Rucker,50,40,1127,rucker-no-garage_50x40.png,OK,
affordable-homes-adus,rucker-with-garage,Rucker,56,40,1127,rucker-with-garage_56x40.png,OK,
affordable-homes-adus,russett,Russett,28.18,33,930,russett_28.18x33.png,MISSING WIDTH on site — please confirm,width derived from sq ft
affordable-homes-adus,salinas-craftsman-1bed1bath-a,Orchard Craftsman 1-Bed/1-Bath A,20.25,34.5,495,salinas-craftsman-1bed1bath-a_20.25x34.5.png,OK,
affordable-homes-adus,salinas-craftsman-1bed1bath-b,Orchard Craftsman 1-Bed/1-Bath B,20.33,32.42,553,salinas-craftsman-1bed1bath-b_20.33x32.42.png,OK,
affordable-homes-adus,salinas-craftsman-2bed1bath,Orchard Craftsman 2-Bed/1-Bath,29.17,40.17,746,salinas-craftsman-2bed1bath_29.17x40.17.png,OK,
affordable-homes-adus,salinas-craftsman-2bed2bath,Orchard Craftsman 2-Bed/2-Bath,37.58,25.58,749,salinas-craftsman-2bed2bath_37.58x25.58.png,OK,
affordable-homes-adus,salinas-midcentury-1bed1bath-a,Orchard Mid Century 1-Bed/1-Bath A,20.25,34.67,495,salinas-midcentury-1bed1bath-a_20.25x34.67.png,OK,
affordable-homes-adus,salinas-midcentury-1bed1bath-b,Orchard Mid Century 1-Bed/1-Bath B,20,32.42,553,salinas-midcentury-1bed1bath-b_20x32.42.png,OK,
affordable-homes-adus,salinas-midcentury-2bed1bath,Orchard Mid Century 2-Bed/1-Bath,29.17,40.17,746,salinas-midcentury-2bed1bath_29.17x40.17.png,OK,
affordable-homes-adus,salinas-midcentury-2bed2bath,Orchard Mid Century 2-Bed/2-Bath,37.58,25.58,749,salinas-midcentury-2bed2bath_37.58x25.58.png,OK,
affordable-homes-adus,salinas-ranch-1bed1bath-a,Orchard Ranch 1-Bed/1-Bath A,20.67,34.67,495,salinas-ranch-1bed1bath-a_20.67x34.67.png,OK,
affordable-homes-adus,salinas-ranch-1bed1bath-b,Orchard Ranch 1-Bed/1-Bath B,20,32.42,553,salinas-ranch-1bed1bath-b_20x32.42.png,OK,
affordable-homes-adus,salinas-ranch-2bed1bath,Orchard Ranch 2-Bed/1-Bath,29.17,40.17,746,salinas-ranch-2bed1bath_29.17x40.17.png,OK,
affordable-homes-adus,salinas-ranch-2bed2bath,Orchard Ranch 2-Bed/2Bath,37.58,25.58,749,salinas-ranch-2bed2bath_37.58x25.58.png,OK,
affordable-homes-adus,salinas-spanish-1bed1bath-a,Orchard Spanish 1-Bed/1-Bath A,16.5,30,495,salinas-spanish-1bed1bath-a_16.5x30.png,OK,
affordable-homes-adus,salinas-spanish-1bed1bath-b,Orchard Spanish 1-Bed/1-Bath B,20,27.75,553,salinas-spanish-1bed1bath-b_20x27.75.png,OK,
affordable-homes-adus,salinas-spanish-2bed1bath,Orchard Spanish 2-Bed/1-Bath,29.17,33.58,746,salinas-spanish-2bed1bath_29.17x33.58.png,OK,
affordable-homes-adus,salinas-spanish-2bed2bath,Orchard Spanish 2-Bed/2-Bath,37.58,26.25,749,salinas-spanish-2bed2bath_37.58x26.25.png,OK,
affordable-homes-adus,san-diego,San Diego,40,30,1200,san-diego_40x30.png,OK,
affordable-homes-adus,santaana-contemporary-1bed1bath,Westbrook Contemporary 1-Bed/1-Bath,36.58,22.75,525,santaana-contemporary-1bed1bath_36.58x22.75.png,OK,
affordable-homes-adus,santaana-contemporary-2bed1bath,Westbrook Contemporary 2-Bed/1-Bath,46,16.83,749,santaana-contemporary-2bed1bath_46x16.83.png,OK,
affordable-homes-adus,santaana-ranch-1bed1bath-base,Westbrook Ranch 1-Bed/1-Bath,16.33,30.08,499,santaana-ranch-1bed1bath-base_16.33x30.08.png,OK,
affordable-homes-adus,santaana-ranch-1bed1bath-porch,Westbrook Ranch 1-Bed/1-Bath,22.5,36.25,499,santaana-ranch-1bed1bath-porch_22.5x36.25.png,OK,
affordable-homes-adus,santaana-ranch-2bed2bath-base,Westbrook Ranch 2-Bed/2-Bath,30,28.92,749,santaana-ranch-2bed2bath-base_30x28.92.png,OK,
affordable-homes-adus,santaana-ranch-2bed2bath-porch,Westbrook Ranch 2-Bed/2-Bath,30,28.92,749,santaana-ranch-2bed2bath-porch_30x28.92.png,OK,
affordable-homes-adus,santaana-ranch-studio-base,Westbrook Ranch Studio,17,22.67,399,santaana-ranch-studio-base_17x22.67.png,OK,
affordable-homes-adus,santaana-ranch-studio-porch,Westbrook Ranch Studio,23.17,28.83,399,santaana-ranch-studio-porch_23.17x28.83.png,OK,
affordable-homes-adus,santaana-spanish-1bed1bath-base,Westbrook Spanish 1-Bed/1-Bath,16.33,30.08,499,santaana-spanish-1bed1bath-base_16.33x30.08.png,OK,
affordable-homes-adus,santaana-spanish-1bed1bath-porch,Westbrook Spanish 1-Bed/1-Bath,16.33,36.33,499,santaana-spanish-1bed1bath-porch_16.33x36.33.png,OK,
affordable-homes-adus,santaana-spanish-2bed2bath-base,Westbrook Spanish 2-Bed/2-Bath,30,28.92,749,santaana-spanish-2bed2bath-base_30x28.92.png,OK,
affordable-homes-adus,santaana-spanish-2bed2bath-porch,Westbrook Spanish 2-Bed/2-Bath,30,28.92,749,santaana-spanish-2bed2bath-porch_30x28.92.png,OK,
affordable-homes-adus,santaana-spanish-studio-base,Westbrook Spanish Studio,17,22.67,399,santaana-spanish-studio-base_17x22.67.png,OK,
affordable-homes-adus,santaana-spanish-studio-porch,Westbrook Spanish Studio,17,28.83,399,santaana-spanish-studio-porch_17x28.83.png,OK,
affordable-homes-adus,santaana-traditional-1bed1bath-base,Westbrook Traditional 1-Bed/1-Bath,16.33,30.08,499,santaana-traditional-1bed1bath-base_16.33x30.08.png,OK,
affordable-homes-adus,santaana-traditional-1bed1bath-porch,Westbrook Traditional 1-Bed/1-Bath,22.58,36.33,499,santaana-traditional-1bed1bath-porch_22.58x36.33.png,OK,
affordable-homes-adus,santaana-traditional-2bed2bath-base,Westbrook Traditional 2-Bed/2-Bath,30,28.92,749,santaana-traditional-2bed2bath-base_30x28.92.png,OK,
affordable-homes-adus,santaana-traditional-2bed2bath-porch,Westbrook Traditional 2-Bed/2-Bath,30,28.92,749,santaana-traditional-2bed2bath-porch_30x28.92.png,OK,
affordable-homes-adus,santaana-traditional-studio-base,Westbrook Traditional Studio,17,22.67,399,santaana-traditional-studio-base_17x22.67.png,OK,
affordable-homes-adus,santaana-traditional-studio-porch,Westbrook Traditional Studio,23.25,28.92,399,santaana-traditional-studio-porch_23.25x28.92.png,OK,
affordable-homes-adus,scout,Scout,30,20,600,scout_30x20.png,MISSING WIDTH on site — please confirm,width derived from sq ft
affordable-homes-adus,siskiyou-craftsman-1bed1bath,Ember Craftsman 1-Bed/1-Bath,35.83,31.92,624,siskiyou-craftsman-1bed1bath_35.83x31.92.png,OK,
affordable-homes-adus,siskiyou-craftsman-2bed1bath-base,Ember Craftsman 2-Bed/1-Bath,40,30.33,960,siskiyou-craftsman-2bed1bath-base_40x30.33.png,OK,
affordable-homes-adus,siskiyou-craftsman-2bed1bath-garage,Ember Craftsman 2-Bed/1-Bath,52,30.33,960,siskiyou-craftsman-2bed1bath-garage_52x30.33.png,OK,
affordable-homes-adus,siskiyou-craftsman-3bed2bath,Ember Craftsman 3-Bed/2-Bath,63.25,33.83,1396,siskiyou-craftsman-3bed2bath_63.25x33.83.png,OK,
affordable-homes-adus,siskiyou-craftsman-3bed3bath,Ember Craftsman 3-Bed/2.5-Bath,63.83,53.83,1650,siskiyou-craftsman-3bed3bath_63.83x53.83.png,OK,
affordable-homes-adus,siskiyou-craftsman-studio-a,Ember Craftsman Studio A,17.83,28.17,396,siskiyou-craftsman-studio-a_17.83x28.17.png,OK,
affordable-homes-adus,siskiyou-craftsman-studio-b-base,Ember Craftsman Studio B,25.83,30.25,624,siskiyou-craftsman-studio-b-base_25.83x30.25.png,OK,
affordable-homes-adus,siskiyou-craftsman-studio-b-garage,Ember Craftsman Studio B,37.83,30.33,624,siskiyou-craftsman-studio-b-garage_37.83x30.33.png,OK,
affordable-homes-adus,siskiyou-farmhouse-1bed1bath,Ember Farmhouse 1-Bed/1-Bath,35.83,31.92,624,siskiyou-farmhouse-1bed1bath_35.83x31.92.png,OK,
affordable-homes-adus,siskiyou-farmhouse-2bed1bath-base,Ember Farmhouse 2-Bed/1-Bath,40,30.33,960,siskiyou-farmhouse-2bed1bath-base_40x30.33.png,OK,
affordable-homes-adus,siskiyou-farmhouse-2bed1bath-garage,Ember Farmhouse 2-Bed/1-Bath,52,30.33,960,siskiyou-farmhouse-2bed1bath-garage_52x30.33.png,OK,
affordable-homes-adus,siskiyou-farmhouse-3bed2bath,Ember Farmhouse 3-Bed/2-Bath,63.25,33.83,1396,siskiyou-farmhouse-3bed2bath_63.25x33.83.png,OK,
affordable-homes-adus,siskiyou-farmhouse-3bed3bath,Ember Farmhouse 3-Bed/2.5 Bath,63.83,53.83,1650,siskiyou-farmhouse-3bed3bath_63.83x53.83.png,OK,
affordable-homes-adus,siskiyou-farmhouse-studio-a,Ember Farmhouse Studio A,17.83,28.17,396,siskiyou-farmhouse-studio-a_17.83x28.17.png,OK,
affordable-homes-adus,siskiyou-farmhouse-studio-b-base,Ember Farmhouse Studio B,25.83,30.33,624,siskiyou-farmhouse-studio-b-base_25.83x30.33.png,OK,
affordable-homes-adus,siskiyou-farmhouse-studio-b-garage,Ember Farmhouse Studio B,37.83,30.33,624,siskiyou-farmhouse-studio-b-garage_37.83x30.33.png,OK,
affordable-homes-adus,siskiyou-modern-1bed1bath,Ember Modern 1-Bed/1-Bath,35.83,31.92,624,siskiyou-modern-1bed1bath_35.83x31.92.png,OK,
affordable-homes-adus,siskiyou-modern-2bed1bath-base,Ember Modern 2-Bed/1-Bath,39.83,30.17,960,siskiyou-modern-2bed1bath-base_39.83x30.17.png,OK,
affordable-homes-adus,siskiyou-modern-2bed1bath-garage,Ember Modern 2-Bed/1-Bath,51.83,30.17,960,siskiyou-modern-2bed1bath-garage_51.83x30.17.png,OK,
affordable-homes-adus,siskiyou-modern-3bed2bath,Ember Modern 3-Bed/2-Bath,63.25,33.83,1396,siskiyou-modern-3bed2bath_63.25x33.83.png,OK,
affordable-homes-adus,siskiyou-modern-3bed3bath,Ember Modern 3-Bed/2.5-Bath,63.83,53.83,1650,siskiyou-modern-3bed3bath_63.83x53.83.png,OK,
affordable-homes-adus,siskiyou-modern-studio-a,Ember Modern Studio A,17.83,28.17,396,siskiyou-modern-studio-a_17.83x28.17.png,OK,
affordable-homes-adus,siskiyou-modern-studio-b-base,Ember Modern Studio B,25.83,30.25,624,siskiyou-modern-studio-b-base_25.83x30.25.png,OK,
affordable-homes-adus,siskiyou-modern-studio-b-garage,Ember Modern Studio B,37.83,30.25,624,siskiyou-modern-studio-b-garage_37.83x30.25.png,OK,
affordable-homes-adus,sorin-casita,Sorin Casita,24.38,32,780,sorin-casita_24.38x32.png,MISSING WIDTH on site — please confirm,width derived from sq ft
affordable-homes-adus,summit-1bed1bath,Magnolia 1-Bed/1-Bath,24.83,33.25,593,summit-1bed1bath_24.83x33.25.png,OK,
affordable-homes-adus,summit-2bed2bath,Magnolia 2-Bed/2-Bath,28.5,40.08,934,summit-2bed2bath_28.5x40.08.png,OK,
affordable-homes-adus,temecula-craftsman-1bed1bath,Wisdom Craftsman 1-Bed/1-Bath,23.25,43,625,temecula-craftsman-1bed1bath_23.25x43.png,OK,
affordable-homes-adus,temecula-craftsman-2bed1bath,Wisdom Craftsman 2-Bed/1-Bath,44,23.25,748,temecula-craftsman-2bed1bath_44x23.25.png,OK,
affordable-homes-adus,temecula-craftsman-2bed2bath,Wisdom Craftsman 2-Bed/2-Bath,31,47.42,909,temecula-craftsman-2bed2bath_31x47.42.png,OK,
affordable-homes-adus,temecula-craftsman-3bed2bath,Wisdom Craftsman 3-Bed/2-Bath,37.67,35,1194,temecula-craftsman-3bed2bath_37.67x35.png,OK,
affordable-homes-adus,temecula-craftsman-studio,Wisdom Craftsman Studio,23.67,35.75,493,temecula-craftsman-studio_23.67x35.75.png,OK,
affordable-homes-adus,temecula-spanish-1bed1bath,Wisdom Spanish 1-Bed/1-Bath,23.58,43.58,625,temecula-spanish-1bed1bath_23.58x43.58.png,OK,
affordable-homes-adus,temecula-spanish-2bed1bath,Wisdom Spanish 2-Bed/1-Bath,44,23.25,748,temecula-spanish-2bed1bath_44x23.25.png,OK,
affordable-homes-adus,temecula-spanish-2bed2bath,Wisdom Spanish 2-Bed/2-Bath,31,47.42,909,temecula-spanish-2bed2bath_31x47.42.png,OK,
affordable-homes-adus,temecula-spanish-3bed2bath,Wisdom Spanish 3-Bed/2-Bath,37.67,35,1194,temecula-spanish-3bed2bath_37.67x35.png,OK,
affordable-homes-adus,temecula-spanish-studio,Wisdom Spanish Studio,23.58,35.83,493,temecula-spanish-studio_23.58x35.83.png,OK,
affordable-homes-adus,temecula-traditional-1bed1bath,Wisdom Traditional 1-Bed/1-Bath,23.25,43,625,temecula-traditional-1bed1bath_23.25x43.png,OK,
affordable-homes-adus,temecula-traditional-2bed1bath,Wisdom Traditional 2-Bed/1-Bath,44,23.25,748,temecula-traditional-2bed1bath_44x23.25.png,OK,
affordable-homes-adus,temecula-traditional-2bed2bath,Wisdom Traditional 2-Bed/2-Bath,31,47.42,909,temecula-traditional-2bed2bath_31x47.42.png,OK,
affordable-homes-adus,temecula-traditional-3bed2bath,Wisdom Traditional 3-Bed/2-Bath,37.67,35,1194,temecula-traditional-3bed2bath_37.67x35.png,OK,
affordable-homes-adus,temecula-traditional-studio,Wisdom Traditional Studio,23.67,35.58,493,temecula-traditional-studio_23.67x35.58.png,OK,
affordable-homes-adus,vallita,Vallita,40,20,800,vallita_40x20.png,OK,
affordable-homes-adus,whittier-craftsman-1bed1bath,Pinnacle Craftsman 1-Bed/1-Bath,22,29.58,495,whittier-craftsman-1bed1bath_22x29.58.png,OK,
affordable-homes-adus,whittier-craftsman-2bed1bath,Pinnacle Craftsman 2-Bed/1-Bath,44.08,23.25,757,whittier-craftsman-2bed1bath_44.08x23.25.png,OK,
affordable-homes-adus,whittier-craftsman-2bed2bath,Pinnacle Craftsman 2-Bed/2-Bath,43.83,23.25,800,whittier-craftsman-2bed2bath_43.83x23.25.png,OK,
affordable-homes-adus,whittier-craftsman-studio,Pinnacle Craftsman Studio,17,23.5,311,whittier-craftsman-studio_17x23.5.png,OK,
affordable-homes-adus,whittier-spanish-1bed1bath,Pinnacle Spanish 1-Bed/1-Bath,22.5,29.5,495,whittier-spanish-1bed1bath_22.5x29.5.png,OK,
affordable-homes-adus,whittier-spanish-2bed1bath,Pinnacle Spanish 2-Bed/1-Bath,44.08,25.67,757,whittier-spanish-2bed1bath_44.08x25.67.png,OK,
affordable-homes-adus,whittier-spanish-2bed2bath,Pinnacle Spanish 2-Bed/2-Bath,43.83,24,800,whittier-spanish-2bed2bath_43.83x24.png,OK,
affordable-homes-adus,whittier-spanish-studio,Pinnacle Spanish Studio,17,24,311,whittier-spanish-studio_17x24.png,OK,
affordable-homes-adus,whittier-traditional-1bed1bath,Pinnacle Traditional 1-Bed/1-Bath,22,29.58,495,whittier-traditional-1bed1bath_22x29.58.png,OK,
affordable-homes-adus,whittier-traditional-2bed1bath,Pinnacle Traditional 2-Bed/1-Bath,44.08,24.08,757,whittier-traditional-2bed1bath_44.08x24.08.png,OK,
affordable-homes-adus,whittier-traditional-2bed2bath,Pinnacle Traditional 2-Bed/2-Bath,43.83,23.67,800,whittier-traditional-2bed2bath_43.83x23.67.png,OK,
affordable-homes-adus,whittier-traditional-studio,Pinnacle Traditional Studio,17,23.58,311,whittier-traditional-studio_17x23.58.png,OK,